,name,div_area,div_dist,resnet,conv_next,value
0,C_0001_D4.png,0.254730,0.249405,0.995097,1.000000,1
1,C_0001_D5.png,0.297875,0.321092,0.992854,0.999635,1
2,C_0002_D3.png,0.370607,0.419768,0.000000,0.000000,0
3,C_0003_D4.png,0.274358,0.251966,0.998813,0.989319,1
4,C_0003_D5.png,0.287535,0.307895,0.793902,0.920476,1
5,C_0004_D3.png,0.282169,0.308392,0.477144,0.991592,1
6,C_0004_D4.png,0.248521,0.249681,0.999770,1.000000,1
7,C_0004_D5.png,0.250545,0.243019,0.996026,1.000000,1
8,C_0005_D3.png,0.290990,0.273524,0.941267,0.984498,1
9,C_0005_D4.png,0.296768,0.298030,0.000001,0.998135,1
10,C_0006_D3.png,0.371438,0.359001,0.000000,0.000000,0
11,C_0006_D4.png,0.359122,0.358854,0.000000,0.004245,0
12,C_0006_D5.png,0.376080,0.376096,0.000000,0.000000,0
13,C_0007_D3.png,0.253996,0.250000,0.998869,1.000000,1
14,C_0007_D4.png,0.220054,0.202146,0.999898,1.000000,1
15,C_0007_D5.png,0.339972,0.336905,0.000000,0.000000,0
16,C_0008_D3.png,0.381999,0.320000,0.000000,0.000000,0
17,C_0008_D4.png,0.373478,0.374126,0.000000,0.000000,0
18,C_0008_D5.png,0.374774,0.416413,0.000000,0.000000,0
19,C_0009_D3.png,0.346983,0.366601,0.000000,0.000000,0
20,C_0009_D5.png,0.311691,0.336869,0.000000,0.744390,0
21,C_0010_D3.png,0.332679,0.367083,0.003446,0.000003,0
22,C_0010_D4.png,0.312277,0.343077,0.530556,0.899619,0
23,C_0010_D5.png,0.247267,0.285833,0.970088,1.000000,1
24,C_0011_D3.png,0.302788,0.276144,0.997133,0.968985,1
25,C_0011_D4.png,0.263497,0.270790,0.994424,1.000000,1
26,C_0011_D5.png,0.263759,0.283176,0.995269,1.000000,1
27,C_0012_D3.png,0.319457,0.306907,0.576544,0.959369,0
28,C_0012_D4.png,0.295432,0.300909,0.993448,0.999104,1
29,C_0012_D5.png,0.342916,0.354010,0.000001,0.000000,0
30,C_0013_D4.png,0.312932,0.285714,0.997862,1.000000,0
31,C_0013_D5.png,0.328587,0.367877,0.000000,0.046147,0
32,C_0014_D3.png,0.296615,0.291005,0.874668,0.978644,1
33,C_0014_D5.png,0.338779,0.354997,0.000000,0.016674,0
34,C_0015_D3.png,0.292045,0.268960,0.989125,0.978171,1
35,C_0015_D5.png,0.271455,0.298372,0.989346,1.000000,1
36,C_0016_D3.png,0.319541,0.346667,0.000000,0.199823,0
37,C_0016_D4.png,0.308829,0.318452,0.841194,1.000000,1
38,C_0016_D5.png,0.294027,0.323657,0.000000,0.999970,1
39,C_0017_D3.png,0.385543,0.415242,0.000000,0.000000,0
40,C_0017_D4.png,0.345655,0.356938,0.000000,0.001946,0
41,C_0017_D5.png,0.304485,0.343750,0.000000,0.989096,1
42,C_0019_D3.png,0.289295,0.296703,0.616011,0.999735,1
43,C_0019_D4.png,0.352379,0.385882,0.000000,0.000000,0
44,C_0019_D5.png,0.357059,0.394231,0.000000,0.000000,0
45,C_0020_D3.png,0.281036,0.275084,0.998401,0.954191,1
46,C_0020_D4.png,0.243401,0.238722,0.998189,1.000000,1
47,C_0020_D5.png,0.234016,0.221178,0.999059,1.000000,1
48,C_0021_D3.png,0.294247,0.240260,0.860041,0.878345,1
49,C_0021_D4.png,0.331040,0.308333,0.000000,0.000060,0
50,C_0021_D5.png,0.261803,0.235294,0.982581,1.000000,1
51,C_0022_D3.png,0.275093,0.277778,0.991889,0.953331,1
52,C_0022_D4.png,0.230402,0.205645,0.997814,1.000000,1
53,C_0022_D5.png,0.296419,0.298895,0.679404,0.499238,1
54,C_0023_D3.png,0.297463,0.301509,0.971335,1.000000,1
55,C_0023_D4.png,0.235545,0.218795,0.990353,1.000000,1
56,C_0023_D5.png,0.264844,0.257075,0.995838,1.000000,1
57,C_0024_D3.png,0.341206,0.377500,0.000000,0.000000,0
58,C_0024_D5.png,0.295325,0.372692,0.653764,0.975069,1
59,C_0025_D3.png,0.292911,0.285734,0.757238,1.000000,1
60,C_0025_D5.png,0.258741,0.237903,0.000000,1.000000,1
61,C_0026_D3.png,0.319515,0.333333,0.000282,0.837677,0
62,C_0026_D4.png,0.309979,0.293103,0.567656,0.878282,1
63,C_0027_D3.png,0.276229,0.245902,0.998391,1.000000,1
64,C_0027_D5.png,0.311806,0.357599,0.392770,0.034245,0
65,C_0029_D3.png,0.345762,0.370000,0.153802,0.000000,0
66,C_0029_D4.png,0.308615,0.303462,0.524416,0.892437,1
67,C_0029_D5.png,0.332996,0.397917,0.000000,0.010464,0
68,C_0030_D3.png,0.345229,0.356667,0.222218,0.000000,0
69,C_0030_D4.png,0.312682,0.371009,0.697552,0.868513,0
70,C_0030_D5.png,0.300021,0.339454,0.990308,0.949099,1
71,C_0031_D3.png,0.255293,0.240989,0.994495,1.000000,1
72,C_0031_D4.png,0.236834,0.218362,0.994943,1.000000,1
73,C_0031_D5.png,0.238112,0.217188,0.984563,0.976780,1
74,C_0032_D3.png,0.296610,0.290473,0.982164,0.989511,1
75,C_0032_D4.png,0.320607,0.341905,0.000000,0.285669,0
76,C_0032_D5.png,0.395910,0.405458,0.000000,0.000000,0
77,C_0033_D4.png,0.317958,0.341905,0.000000,0.103540,0
78,C_0033_D5.png,0.231520,0.240670,0.988737,1.000000,1
79,C_0034_D3.png,0.299723,0.276786,0.949305,0.990263,1
80,C_0034_D4.png,0.332890,0.322727,0.000000,0.163127,0
81,C_0034_D5.png,0.354378,0.384211,0.000000,0.001975,0
82,C_0035_D3.png,0.294015,0.292702,0.008312,0.943994,1
83,C_0035_D4.png,0.275320,0.288018,0.997508,0.999996,1
84,C_0035_D5.png,0.258022,0.276587,0.893947,1.000000,1
85,C_0036_D4.png,0.261022,0.250000,0.998352,1.000000,1
86,C_0037_D3.png,0.318434,0.333436,0.000000,0.883967,0
87,C_0037_D5.png,0.269326,0.294231,0.992456,0.969648,1
88,C_0038_D4.png,0.282494,0.285355,0.998770,1.000000,1
89,C_0038_D5.png,0.291770,0.306531,0.650526,0.986223,1
90,C_0039_D3.png,0.321608,0.370370,0.235615,0.000000,0
91,C_0040_D3.png,0.281309,0.274279,0.985743,1.000000,1
92,C_0040_D4.png,0.244704,0.235714,0.999103,1.000000,1
93,C_0040_D5.png,0.240494,0.210899,0.997126,1.000000,1
94,C_0041_D3.png,0.272156,0.256016,0.995655,1.000000,1
95,C_0041_D4.png,0.261763,0.258400,0.997108,1.000000,1
96,C_0041_D5.png,0.290843,0.295400,0.000000,0.206848,1
97,C_0042_D3.png,0.264014,0.247807,0.973645,1.000000,1
98,C_0042_D4.png,0.230809,0.199821,0.997885,1.000000,1
99,C_0043_D3.png,0.283697,0.268377,0.995732,0.999989,1
100,C_0043_D5.png,0.231825,0.109135,0.994583,0.998095,1
101,C_0044_D4.png,0.261516,0.233802,0.997248,1.000000,1
102,C_0044_D5.png,0.308542,0.336578,0.990461,1.000000,1
103,C_0046_D3.png,0.240307,0.203332,0.989663,1.000000,1
104,C_0046_D4.png,0.198721,0.183333,0.996997,1.000000,1
105,C_0046_D5.png,0.250278,0.254630,0.993193,1.000000,1
106,C_0047_D3.png,0.213312,0.189082,0.999885,1.000000,1
107,C_0047_D4.png,0.179331,0.167947,0.999618,1.000000,1
108,C_0047_D5.png,0.322963,0.312500,0.000000,0.000000,0
109,C_0048_D4.png,0.303179,0.362069,0.703709,0.970398,1
110,C_0048_D5.png,0.101133,0,0.978077,1.000000,1
111,C_0050_D4.png,0.331737,0.281985,0.997906,0.999969,0
112,C_0050_D5.png,0.183818,0.184340,0.998001,1.000000,1
113,C_0051_D3.png,0.284173,0.289658,0.970857,0.999837,1
114,C_0051_D4.png,0.284555,0.277778,0.234480,0.999993,1
115,C_0051_D5.png,0.185768,0.201663,0.997966,1.000000,1
116,C_0052_D3.png,0.240213,0.196774,0.999736,1.000000,1
117,C_0052_D4.png,0.319481,0.333436,0.014475,0.005168,0
118,C_0052_D5.png,0.239832,0.283333,0.996254,0.999951,1
119,C_0053_D3.png,0.387416,0.436141,0.000000,0.000000,0
120,C_0053_D4.png,0.289364,0.271314,0.699238,0.997709,1
121,C_0053_D5.png,0.300014,0.336153,0.000000,1.000000,1
122,C_0055_D3.png,0.388892,0.417609,0.001112,0.000000,0
123,C_0055_D5.png,0.377614,0.432823,0.019934,0.000000,0
124,C_0056_D3.png,0.357759,0.343750,0.003431,0.000000,0
125,C_0056_D4.png,0.319862,0.283552,0.649229,0.776106,0
126,C_0056_D5.png,0.271130,0.265050,0.980174,0.984585,1
127,C_0057_D3.png,0.314632,0.293846,0.886393,0.000966,0
128,C_0057_D4.png,0.329382,0.353913,0.336354,0.000000,0
129,C_0057_D5.png,0.353981,0.430157,0.000000,0.000000,0
130,C_0058_D4.png,0.267975,0.273460,0.999255,1.000000,1
131,C_0058_D5.png,0.329865,0.336348,0.001071,0.575261,0
132,C_0060_D5.png,0.319583,0.313846,0.000000,0.013699,0
133,C_0061_D3.png,0.273393,0.250080,0.992281,1.000000,1
134,C_0061_D4.png,0.239695,0.199949,0.997422,1.000000,1
135,C_0061_D5.png,0.214215,0.227183,0.996285,1.000000,1
136,C_0062_D3.png,0.278684,0.256011,0.923213,1.000000,1
137,C_0062_D4.png,0.278054,0.263953,0.999309,0.999569,1
138,C_0062_D5.png,0.297084,0.291295,0.047873,0.925411,1
139,C_0063_D5.png,0.329412,0.348647,0.000000,0.003025,0
140,C_0064_D3.png,0.351924,0.360544,0.000000,0.000000,0
141,C_0064_D4.png,0.350035,0.336342,0.000000,0.000000,0
142,C_0064_D5.png,0.275932,0.326667,0.742714,1.000000,1
143,C_0065_D3.png,0.263724,0.239474,0.997342,0.999867,1
144,C_0065_D4.png,0.253912,0.216667,0.989317,0.987785,1
145,C_0065_D5.png,0.260472,0.254032,0.999565,1.000000,1
146,C_0067_D3.png,0.311259,0.311254,0.948319,0.923426,0
147,C_0067_D4.png,0.275259,0.292947,0.993093,1.000000,1
148,C_0067_D5.png,0.259915,0.256284,0.987491,1.000000,1
149,C_0068_D3.png,0.272073,0.296398,0.989349,1.000000,1
150,C_0068_D4.png,0.217524,0.201809,0.999439,1.000000,1
151,C_0068_D5.png,0.172100,0.179487,0.991758,1.000000,1
152,C_0069_D3.png,0.272527,0.256561,0.995618,1.000000,1
153,C_0069_D4.png,0.283565,0.271889,0.983428,0.989303,1
154,C_0069_D5.png,0.212219,0.211637,0.999891,1.000000,1
155,C_0070_D3.png,0.244693,0.206557,0.999233,1.000000,1
156,C_0070_D4.png,0.260390,0.239612,0.998994,1.000000,1
157,C_0070_D5.png,0.288722,0.256561,0.127214,0.999998,1
158,C_0071_D3.png,0.201574,0.177083,0.999737,1.000000,1
159,C_0071_D5.png,0.204817,0.253788,0.995736,1.000000,1
160,C_0072_D3.png,0.140800,0.121240,0.994690,1.000000,1
161,C_0072_D4.png,0.131818,0.100111,0.998479,1.000000,1
162,C_0072_D5.png,0.096600,0.102978,0.999488,1.000000,1
163,C_0073_D3.png,0.354170,0.391794,0.304895,0.000584,0
164,C_0073_D4.png,0.346594,0.381378,0.000000,0.000000,0
165,C_0073_D5.png,0.352033,0.383673,0.000000,0.000000,0
166,C_0074_D3.png,0.175254,0.130090,0.998870,1.000000,1
167,C_0074_D4.png,0.174140,0.115986,0.999586,1.000000,1
168,C_0074_D5.png,0.252173,0.279630,0.986838,1.000000,1
169,C_0075_D4.png,0.275269,0.274436,0.999651,0.999946,1
170,C_0075_D5.png,0.205413,0.228814,0.998263,1.000000,1
171,C_0077_D3.png,0.409093,0.443027,0.149831,0.000000,0
172,C_0077_D4.png,0.397090,0.447917,0.015187,0.000000,0
173,C_0077_D5.png,0.375493,0.398016,0.830525,0.000682,0
174,C_0078_D3.png,0.413428,0.437500,0.000000,0.000000,0
175,C_0078_D4.png,0.385592,0.404412,0.000000,0.000000,0
176,C_0080_D3.png,0.387267,0.408881,0.000116,0.000000,0
177,C_0080_D4.png,0.376319,0.366275,0.000009,0.000000,0
178,C_0080_D5.png,0.435003,0.419056,0.000000,0.000000,0
179,C_0081_D3.png,0.278511,0.252119,0.999193,1.000000,1
180,C_0081_D4.png,0.287878,0.267857,0.999429,1.000000,1
181,C_0081_D5.png,0.258574,0.302694,0.990819,1.000000,1
182,C_0082_D4.png,0.338212,0.342727,0.000000,0.044103,0
183,C_0083_D4.png,0.277493,0.263953,0.000000,0.986221,1
184,C_0084_D3.png,0.320352,0.341618,0.000000,0.048509,0
185,C_0084_D4.png,0.353974,0.406897,0.000000,0.000000,0
186,C_0085_D3.png,0.308955,0.318966,0.000000,0.966048,1
187,C_0085_D5.png,0.260193,0.298387,0.000000,0.991002,1
188,C_0086_D3.png,0.272392,0.242647,0.996139,1.000000,1
189,C_0086_D4.png,0.303555,0.286320,0.896282,0.979227,1
190,C_0086_D5.png,0.407651,0.401992,0.000000,0.000000,0
191,C_0087_D3.png,0.259011,0.228814,0.997382,1.000000,1
192,C_0087_D4.png,0.263678,0.243640,0.997199,0.998237,1
193,C_0087_D5.png,0.245813,0.245690,0.993101,1.000000,1
194,C_0088_D3.png,0.317918,0.353077,0.474046,0.962038,0
195,C_0088_D4.png,0.276713,0.281415,0.955706,1.000000,1
196,C_0088_D5.png,0.306025,0.293603,0.501008,0.976139,1
197,C_0089_D3.png,0.229600,0.200284,0.994814,1.000000,1
198,C_0089_D4.png,0.233038,0.198832,0.996261,1.000000,1
199,C_0089_D5.png,0.273807,0.295955,0.000000,0.534854,1
200,C_0090_D3.png,0.437153,0.472705,0.000000,0.000000,0
201,C_0090_D4.png,0.472248,0.515972,0.000000,0.000000,0
202,C_0090_D5.png,0.409236,0.429926,0.000000,0.000000,0
203,C_0091_D3.png,0.326028,0.420569,0.308930,0.000000,0
204,C_0091_D4.png,0.279161,0.308964,0.931591,0.988135,1
205,C_0091_D5.png,0.211396,0.222298,0.997946,1.000000,1
206,C_0092_D3.png,0.356189,0.360544,0.000000,0.000000,0
207,C_0092_D4.png,0.294568,0.261705,0.620425,0.952193,1
208,C_0093_D4.png,0.353335,0.354010,0.206665,0.000000,0
209,C_0093_D5.png,0.325604,0.346202,0.541138,0.000023,0
210,C_0094_D3.png,0.283708,0.296398,0.995501,1.000000,1
211,C_0094_D4.png,0.301040,0.308392,0.000014,0.998723,1
212,C_0094_D5.png,0.275189,0.308392,0.000000,0.989692,1
213,C_0095_D3.png,0.364440,0.380000,0.133226,0.000000,0
214,C_0095_D5.png,0.376857,0.377500,0.000000,0.000000,0
215,C_0096_D4.png,0.376307,0.359649,0.000000,0.000010,0
216,C_0097_D3.png,0.293307,0.307806,0.985558,0.999370,1
217,C_0097_D5.png,0.236551,0.230107,0.995759,1.000000,1
218,C_0098_D5.png,0.260085,0.309311,0.952592,1.000000,1
219,C_0099_D3.png,0.245353,0.246212,0.997303,1.000000,1
220,C_0099_D4.png,0.279555,0.283422,0.992718,0.996041,1
221,C_0100_D3.png,0.177770,0.170953,0.995989,1.000000,1
222,C_0100_D5.png,0.157558,0.141738,0.997552,1.000000,1
223,C_0101_D3.png,0.328898,0.327050,0.062897,0.692481,0
224,C_0101_D4.png,0.327751,0.366835,0.000000,0.065211,0
225,C_0101_D5.png,0.347724,0.386752,0.000000,0.000000,0
226,C_0103_D3.png,0.264125,0.286903,0.999646,1.000000,1
227,C_0103_D4.png,0.307202,0.339394,0.874637,0.914144,1
228,C_0103_D5.png,0.328792,0.358974,0.527615,0.000001,0
229,C_0104_D3.png,0.409346,0.473626,0.000000,0.000000,0
230,C_0105_D3.png,0.312621,0.318966,0.768594,0.000000,0
231,C_0105_D4.png,0.288266,0.285714,0.978252,0.981929,1
232,C_0105_D5.png,0.191040,0.198006,0.989663,1.000000,1
233,C_0106_D3.png,0.387464,0.425294,0.000000,0.000000,0
234,C_0106_D4.png,0.400235,0.441176,0.000000,0.000000,0
235,C_0106_D5.png,0.444774,0.460385,0.000000,0.000000,0
236,C_0107_D3.png,0.317182,0.309193,0.976305,0.748618,0
237,C_0107_D5.png,0.232160,0.203448,0.999808,1.000000,1
238,C_0108_D3.png,0.432572,0.460317,0.000000,0.000000,0
239,C_0108_D5.png,0.326543,0.314783,0.778419,0.000000,0
240,C_0112_D3.png,0.322271,0.284419,0.000000,0.113403,0
241,C_0112_D4.png,0.354091,0.333431,0.000000,0.000000,0
242,C_0112_D5.png,0.309317,0.302694,0.000000,0.839050,1
243,C_0113_D3.png,0.312893,0.294577,0.571393,0.941601,0
244,C_0113_D4.png,0.327311,0.333333,0.401486,0.835359,0
245,C_0113_D5.png,0.294525,0.258929,0.963770,0.994736,1
246,C_0114_D3.png,0.330669,0.351973,0.294613,0.072406,0
247,C_0114_D4.png,0.316803,0.324014,0.001140,0.664237,0
248,C_0114_D5.png,0.231970,0.256283,0.996852,1.000000,1
249,C_0115_D5.png,0.183207,0.184113,0.997001,1.000000,1
250,C_0116_D3.png,0.287065,0.247808,0.985903,0.997703,1
251,C_0116_D4.png,0.407058,0.401613,0.000000,0.000000,0
252,C_0116_D5.png,0.364028,0.389254,0.000000,0.002004,0
253,C_0117_D4.png,0.284910,0.277260,0.849024,0.969729,1
254,C_0117_D5.png,0.364442,0.377493,0.000000,0.000000,0
255,C_0118_D4.png,0.272783,0.267857,0.999417,1.000000,1
256,C_0118_D5.png,0.267201,0.236235,0.989847,0.988309,1
257,C_0119_D4.png,0.240423,0.198214,0.999609,1.000000,1
258,C_0119_D5.png,0.208736,0.187843,0.991262,1.000000,1
259,C_0120_D3.png,0.338322,0.346282,0.498710,0.368591,0
260,C_0120_D4.png,0.305584,0.317483,0.563559,0.977683,1
261,C_0120_D5.png,0.352770,0.353077,0.000000,0.009873,0
262,C_0121_D3.png,0.325821,0.330303,0.200411,0.000000,0
263,C_0121_D4.png,0.332380,0.310714,0.000000,0.001702,0
264,C_0121_D5.png,0.254050,0.275862,0.981704,1.000000,1
265,C_0122_D4.png,0.388895,0.442308,0.000000,0.000000,0
266,C_0122_D5.png,0.388859,0.413878,0.000000,0.000015,0
267,C_0123_D4.png,0.179116,0.139423,0.998327,1.000000,1
268,C_0123_D5.png,0.288101,0.272167,0.994278,1.000000,1
269,C_0124_D3.png,0.218883,0.245690,0.997120,1.000000,1
270,C_0124_D4.png,0.240123,0.245699,0.999181,1.000000,1
271,C_0124_D5.png,0.181980,0.112958,0.998071,1.000000,1
272,C_0125_D3.png,0.348945,0.351630,0.108128,0.002368,0
273,C_0125_D4.png,0.346497,0.386792,0.000000,0.000001,0
274,C_0125_D5.png,0.308884,0.329772,0.767930,0.949594,1
275,C_0126_D3.png,0.176437,0.153021,0.999696,1.000000,1
276,C_0126_D4.png,0.171300,0.157895,0.999829,1.000000,1
277,C_0127_D3.png,0.315073,0.284231,0.348295,0.000000,0
278,C_0127_D4.png,0.217123,0.174031,0.996512,1.000000,1
279,C_0127_D5.png,0.289540,0.272059,0.810371,0.907145,1
280,C_0128_D3.png,0.262888,0.245370,0.993341,1.000000,1
281,C_0128_D4.png,0.226794,0.208838,0.999234,1.000000,1
282,C_0129_D3.png,0.226334,0.200205,0.993901,1.000000,1
283,C_0129_D4.png,0.223605,0.192472,0.998872,1.000000,1
284,C_0129_D5.png,0.219408,0.233871,0.998562,1.000000,1
285,C_0130_D3.png,0.250487,0.235722,0.995740,1.000000,1
286,C_0130_D4.png,0.250641,0.249792,0.995052,1.000000,1
287,C_0130_D5.png,0.229725,0.250080,0.990680,1.000000,1
288,C_0131_D4.png,0.224216,0.212550,0.996730,1.000000,1
289,C_0131_D5.png,0.311682,0.296296,0.475681,0.455709,0
290,C_0132_D3.png,0.349588,0.348653,0.470017,0.000017,0
291,C_0132_D4.png,0.330590,0.311953,0.000000,0.008274,0
292,C_0133_D3.png,0.292239,0.294118,0.996401,0.958874,1
293,C_0133_D5.png,0.405500,0.422832,0.000000,0.000000,0
294,C_0134_D3.png,0.393490,0.407407,0.000000,0.000000,0
295,C_0134_D4.png,0.396456,0.412795,0.000000,0.000000,0
296,C_0134_D5.png,0.325197,0.309680,0.000000,0.000000,0
297,C_0136_D4.png,0.307253,0.314224,0.619142,0.986874,1
298,C_0137_D3.png,0.315715,0.359163,0.372065,0.288438,0
299,C_0137_D4.png,0.322953,0.358262,0.000000,0.108632,0
300,C_0137_D5.png,0.272716,0.307765,0.761171,0.997935,1
301,C_0138_D3.png,0.387104,0.410000,0.000000,0.000000,0
302,C_0138_D4.png,0.370807,0.422619,0.000000,0.000000,0
303,C_0138_D5.png,0.393279,0.382692,0.000000,0.000000,0
304,C_0139_D4.png,0.466337,0.500000,0.000000,0.000000,0
305,C_0140_D3.png,0.313642,0.305833,0.002851,0.250383,0
306,C_0143_D3.png,0.330104,0.359163,0.854954,0.000771,0
307,C_0143_D4.png,0.386323,0.417391,0.113163,0.000000,0
308,C_0143_D5.png,0.386792,0.351449,0.547031,0.000000,0
309,C_0144_D3.png,0.254442,0.210028,0.998689,1.000000,1
310,C_0144_D4.png,0.247798,0.224138,0.991540,1.000000,1
311,C_0145_D3.png,0.313162,0.305738,0.522707,0.540064,0
312,C_0145_D4.png,0.300295,0.283623,0.788728,0.976237,1
313,C_0145_D5.png,0.395230,0.403390,0.000000,0.000000,0
314,C_0146_D3.png,0.292146,0.245716,0.996505,0.982487,1
315,C_0146_D4.png,0.308480,0.289208,0.082087,0.997820,1
316,C_0146_D5.png,0.282512,0.300189,0.000000,0.999999,1
317,C_0147_D3.png,0.234732,0.203067,0.999374,1.000000,1
318,C_0147_D4.png,0.198738,0.181017,0.999246,1.000000,1
319,C_0147_D5.png,0.278139,0.250000,0.774548,0.997702,1
320,C_0148_D3.png,0.238054,0.225787,0.998745,1.000000,1
321,C_0148_D4.png,0.197704,0.166705,0.999387,1.000000,1
322,C_0148_D5.png,0.161680,0.146801,0.999684,1.000000,1
323,C_0149_D3.png,0.336461,0.364583,0.406444,0.000000,0
324,C_0149_D4.png,0.226309,0.205289,0.999836,1.000000,1
325,C_0150_D3.png,0.226920,0.207843,0.988159,1.000000,1
326,C_0150_D4.png,0.206339,0.190131,0.993374,1.000000,1
327,C_0151_D4.png,0.260382,0.229293,0.994910,1.000000,1
328,C_0151_D5.png,0.276810,0.278216,0.912494,0.997436,1
329,C_0152_D3.png,0.249706,0.233120,0.996342,1.000000,1
330,C_0152_D5.png,0.188275,0.239398,0.999774,1.000000,1
331,C_0153_D3.png,0.225431,0.245690,0.997249,1.000000,1
332,C_0153_D5.png,0.169320,0.164111,0.998461,1.000000,1
333,C_0154_D3.png,0.181084,0.157490,0.999970,1.000000,1
334,C_0154_D4.png,0.133472,0.107922,0.998499,1.000000,1
335,C_0154_D5.png,0.149592,0.189414,0.994819,1.000000,1
336,C_0155_D3.png,0.151612,0.126783,0.999837,1.000000,1
337,C_0155_D4.png,0.187572,0.162698,0.999349,1.000000,1
338,C_0155_D5.png,0.273820,0.281509,0.980544,0.999987,1
339,C_0156_D3.png,0.375610,0.464694,0.000000,0.000000,0
340,C_0156_D4.png,0.466478,0.558929,0.000000,0.000000,0
341,C_0156_D5.png,0.340135,0.366667,0.000000,0.000875,0
342,C_0158_D3.png,0.290405,0.257257,0.996454,1.000000,1
343,C_0158_D4.png,0.171782,0.148438,0.998756,1.000000,1
344,C_0158_D5.png,0.271263,0.281509,0.959601,0.999925,1
345,C_0159_D3.png,0.344284,0.339811,0.000000,0.000000,0
346,C_0159_D4.png,0.348742,0.349811,0.000000,0.000000,0
347,C_0159_D5.png,0.338529,0.361756,0.000000,0.000000,0
348,C_0160_D3.png,0.314367,0.354497,0.326753,0.824915,0
349,C_0160_D4.png,0.291062,0.327381,0.985002,0.999949,1
350,C_0160_D5.png,0.226813,0.221805,0.992479,1.000000,1
351,C_0161_D3.png,0.378360,0.403846,0.000000,0.000000,0
352,C_0161_D5.png,0.365653,0.379630,0.000000,0.000000,0
353,C_0162_D3.png,0.285590,0.272075,0.999507,1.000000,1
354,C_0162_D4.png,0.207102,0.181445,0.999766,1.000000,1
355,C_0162_D5.png,0.201475,0.180000,0.988992,1.000000,1
356,C_0163_D4.png,0.352654,0.360624,0.000000,0.000224,0
357,C_0163_D5.png,0.359138,0.378168,0.000000,0.000000,0
358,C_0164_D3.png,0.278521,0.256579,0.937053,1.000000,1
359,C_0164_D4.png,0.270398,0.247015,0.995450,1.000000,1
360,C_0164_D5.png,0.208375,0.191667,0.963485,1.000000,1
361,C_0165_D4.png,0.380113,0.389022,0.000001,0.000000,0
362,C_0166_D3.png,0.269248,0.245614,0.984509,1.000000,1
363,C_0166_D4.png,0.273661,0.247808,0.996411,0.999995,1
364,C_0166_D5.png,0.294122,0.265508,0.713970,0.968874,1
365,C_0167_D3.png,0.379854,0.389406,0.000000,0.000000,0
366,C_0168_D3.png,0.298444,0.279885,0.985847,1.000000,1
367,C_0168_D5.png,0.297251,0.290344,0.997696,0.922398,1
368,C_0169_D3.png,0.234785,0.222092,0.999737,1.000000,1
369,C_0169_D4.png,0.212315,0.231481,0.999959,1.000000,1
370,C_0170_D3.png,0.324406,0.317111,0.589703,0.000004,0
371,C_0170_D4.png,0.268692,0.285714,0.998956,1.000000,1
372,C_0170_D5.png,0.317572,0.349359,0.454052,0.354845,0
373,C_0171_D3.png,0.299560,0.342532,0.429970,0.965291,1
374,C_0171_D4.png,0.305987,0.311953,0.000000,0.949977,1
375,C_0171_D5.png,0.260184,0.258621,0.980686,0.999929,1
376,C_0172_D3.png,0.163648,0.072961,0.998863,1.000000,1
377,C_0172_D4.png,0.160457,0.062030,0.999235,1.000000,1
378,C_0172_D5.png,0.190029,0,0.998091,1.000000,1
379,C_0173_D5.png,0.244203,0.200397,0.984770,1.000000,1
380,C_0174_D3.png,0.273821,0.277873,0.998041,1.000000,1
381,C_0174_D4.png,0.265313,0.273684,0.999473,1.000000,1
382,C_0174_D5.png,0.337921,0.383217,0.000000,0.000021,0
383,C_0175_D3.png,0.240225,0.250000,0.999301,1.000000,1
384,C_0175_D4.png,0.208029,0.184887,0.999840,1.000000,1
385,C_0175_D5.png,0.127791,0.110101,0.996073,1.000000,1
386,C_0176_D3.png,0.255711,0.257255,0.978095,1.000000,1
387,C_0176_D4.png,0.230704,0.185249,0.993574,1.000000,1
388,C_0176_D5.png,0.366912,0.357083,0.000000,0.000000,0
389,C_0177_D3.png,0.365146,0.403996,0.044369,0.000000,0
390,C_0177_D4.png,0.335066,0.379310,0.000000,0.313053,0
391,C_0177_D5.png,0.317389,0.366071,0.631643,0.574696,0
392,C_0178_D3.png,0.241591,0.246032,0.999925,1.000000,1
393,C_0178_D4.png,0.245659,0.260174,0.996205,1.000000,1
394,C_0178_D5.png,0.294435,0.338798,0.000000,0.980818,1
395,C_0179_D3.png,0.359605,0.348653,0.011395,0.000000,0
396,C_0179_D4.png,0.380209,0.383217,0.000000,0.000000,0
397,C_0179_D5.png,0.371974,0.386752,0.000000,0.000000,0
398,C_0180_D3.png,0.393401,0.446558,0.000000,0.000000,0
399,C_0180_D4.png,0.376720,0.408333,0.000000,0.000000,0
400,C_0180_D5.png,0.392317,0.413043,0.000000,0.000000,0
401,C_0181_D4.png,0.210580,0.205143,0.999342,1.000000,1
402,C_0181_D5.png,0.244232,0.288018,0.996091,1.000000,1
403,C_0183_D3.png,0.300510,0.327393,0.000000,0.986645,1
404,C_0183_D4.png,0.295073,0.323529,0.979497,0.999721,1
405,C_0183_D5.png,0.209259,0.244565,0.989880,1.000000,1
406,C_0184_D3.png,0.281952,0.303571,0.990680,0.997277,1
407,C_0184_D4.png,0.232920,0.237366,0.999962,1.000000,1
408,C_0184_D5.png,0.318049,0.385185,0.000000,0.001390,0
409,C_0185_D3.png,0.367717,0.268446,0.891274,0.000000,0
410,C_0185_D4.png,0.388558,0.311321,0.976281,0.001782,0
411,C_0185_D5.png,0.345080,0,0.946699,0.000000,0
412,C_0186_D3.png,0.253473,0.226496,0.999248,1.000000,1
413,C_0186_D4.png,0.246203,0.256016,0.999677,1.000000,1
414,C_0186_D5.png,0.169622,0.195115,0.995698,1.000000,1
415,C_0187_D4.png,0.193542,0.172043,0.998922,1.000000,1
416,C_0187_D5.png,0.150037,0.149254,0.997695,1.000000,1
417,C_0188_D3.png,0.336669,0.382308,0.000000,0.000000,0
418,C_0188_D4.png,0.349782,0.411538,0.000000,0.000000,0
419,C_0188_D5.png,0.343217,0.376272,0.000000,0.002830,0
420,C_0190_D5.png,0.338629,0.372414,0.000000,0.000001,0
421,C_0191_D3.png,0.164790,0.132698,0.999926,1.000000,1
422,C_0191_D5.png,0.262582,0.284175,0.000344,0.916523,1
423,C_0192_D3.png,0.255646,0.264481,0.998599,1.000000,1
424,C_0192_D4.png,0.287900,0.308772,0.997599,1.000000,1
425,C_0192_D5.png,0.268797,0.285805,0.783416,1.000000,1
426,C_0193_D3.png,0.235795,0.217888,0.999947,1.000000,1
427,C_0193_D4.png,0.221680,0.224790,0.999785,1.000000,1
428,C_0194_D3.png,0.351173,0.330189,0.252546,0.042380,0
429,C_0194_D4.png,0.335855,0.333279,0.130570,0.008870,0
430,C_0194_D5.png,0.357996,0.317160,0.000000,0.000000,0
431,C_0195_D3.png,0.218950,0.192593,0.987629,1.000000,1
432,C_0195_D5.png,0.165433,0.170313,0.999391,1.000000,1
433,C_0196_D3.png,0.206470,0.168215,0.995871,1.000000,1
434,C_0196_D4.png,0.285961,0.289308,0.991180,1.000000,1
435,C_0196_D5.png,0.288859,0.311748,0.891152,0.964342,1
436,C_0197_D3.png,0.266931,0.256902,0.998309,1.000000,1
437,C_0197_D4.png,0.235048,0.217312,0.999843,1.000000,1
438,C_0197_D5.png,0.320867,0.314224,0.000000,0.213491,0
439,C_0198_D3.png,0.410857,0.427083,0.000789,0.000000,0
440,C_0198_D4.png,0.366203,0.350000,0.056986,0.000000,0
441,C_0199_D3.png,0.188934,0.134581,0.999812,1.000000,1
442,C_0199_D4.png,0.141904,0.051919,0.998945,1.000000,1
443,C_0199_D5.png,0.213003,0.195115,0.990723,1.000000,1
444,C_0200_D4.png,0.229412,0.208438,0.999741,1.000000,1
445,C_0200_D5.png,0.164935,0.213910,0.992394,1.000000,1
446,C_0201_D3.png,0.315941,0.290766,0.493753,0.905072,0
447,C_0201_D4.png,0.307325,0.301724,0.000000,0.999115,1
448,C_0201_D5.png,0.348471,0.359606,0.000000,0.000000,0
449,C_0202_D3.png,0.331396,0.320377,0.344249,0.002214,0
450,C_0202_D4.png,0.370360,0.405882,0.000000,0.000000,0
451,C_0203_D3.png,0.282158,0.300905,0.973537,0.979145,1
452,C_0203_D4.png,0.273152,0.298077,0.996488,0.982094,1
453,C_0203_D5.png,0.211586,0.235000,0.996440,1.000000,1
454,C_0204_D3.png,0.231013,0.203302,0.991897,1.000000,1
455,C_0204_D4.png,0.226424,0.189082,0.998458,1.000000,1
456,C_0204_D5.png,0.212623,0.192879,0.996373,1.000000,1
457,C_0205_D3.png,0.332747,0.346667,0.000027,0.063504,0
458,C_0205_D4.png,0.275347,0.268439,0.980339,1.000000,1
459,C_0205_D5.png,0.315381,0.304790,0.000000,0.828541,0
460,C_0207_D3.png,0.140380,0.115530,0.999846,1.000000,1
461,C_0207_D4.png,0.152973,0.046175,0.999665,1.000000,1
462,C_0207_D5.png,0.169364,0.174899,0.999348,1.000000,1
463,C_0208_D4.png,0.204920,0.182059,0.999177,1.000000,1
464,C_0208_D5.png,0.191562,0.220202,0.994087,1.000000,1
465,C_0209_D3.png,0.349561,0.388889,0.000000,0.003383,0
466,C_0209_D4.png,0.300646,0.327586,0.000000,0.971729,1
467,C_0209_D5.png,0.377507,0.412904,0.000000,0.000000,0
468,C_0210_D3.png,0.258880,0.226977,0.991335,1.000000,1
469,C_0210_D4.png,0.278593,0.291005,0.977852,0.999910,1
470,C_0210_D5.png,0.300536,0.333333,0.963816,0.978970,1
471,C_0211_D4.png,0.296403,0.340077,0.838535,0.975855,1
472,C_0211_D5.png,0.241912,0.269079,0.992301,1.000000,1
473,C_0212_D3.png,0.281635,0.308351,0.920376,0.999930,1
474,C_0212_D4.png,0.306370,0.329590,0.000000,0.879367,1
475,C_0212_D5.png,0.335082,0.346275,0.000000,0.181868,0
476,C_0213_D3.png,0.370932,0.376041,0.000000,0.000000,0
477,C_0213_D4.png,0.377516,0.385417,0.000000,0.000000,0
478,C_0213_D5.png,0.312228,0.346154,0.000000,0.000000,0
479,C_0214_D3.png,0.305195,0.296863,0.978872,0.994038,1
480,C_0214_D4.png,0.302971,0.281509,0.887874,0.987882,1
481,C_0214_D5.png,0.314109,0.257866,0.987470,0.968582,0
482,C_0215_D3.png,0.376793,0.358262,0.000000,0.000000,0
483,C_0215_D4.png,0.433704,0.428750,0.000000,0.000000,0
484,C_0215_D5.png,0.324680,0.333077,0.000000,0.228310,0
485,C_0216_D3.png,0.195352,0.174647,0.998821,1.000000,1
486,C_0216_D4.png,0.183175,0.152778,0.999940,1.000000,1
487,C_0216_D5.png,0.242597,0.275084,0.988956,1.000000,1
488,C_0217_D3.png,0.214587,0.199839,0.999893,1.000000,1
489,C_0217_D4.png,0.236593,0.213203,0.999779,1.000000,1
490,C_0217_D5.png,0.267467,0.255541,0.000000,0.999938,1
491,C_0218_D3.png,0.366486,0.399855,0.000035,0.000000,0
492,C_0218_D4.png,0.398868,0.431481,0.000000,0.000000,0
493,C_0219_D3.png,0.212202,0.161290,0.995190,1.000000,1
494,C_0219_D4.png,0.247575,0.225528,0.999308,1.000000,1
495,C_0220_D3.png,0.286692,0.266667,0.988202,1.000000,1
496,C_0220_D4.png,0.287551,0.315887,0.997883,0.999999,1
497,C_0220_D5.png,0.332620,0.405357,0.000000,0.000033,0
498,C_0221_D3.png,0.328909,0.392982,0.995044,0.527638,0
499,C_0221_D4.png,0.300046,0.334169,0.996355,0.976177,1
500,C_0221_D5.png,0.347062,0.391410,0.893505,0.000225,0
501,C_0222_D3.png,0.200203,0.163978,0.995924,1.000000,1
502,C_0222_D4.png,0.179520,0.127016,0.994828,1.000000,1
503,C_0222_D5.png,0.114837,0.104839,0.995611,1.000000,1
504,C_0223_D3.png,0.276739,0.252260,0.948080,0.999999,1
505,C_0224_D5.png,0.254183,0.275000,0.000000,1.000000,1
506,C_0226_D3.png,0.277526,0.233333,0.998590,1.000000,1
507,C_0226_D4.png,0.321978,0.336310,0.000000,0.760860,0
508,C_0226_D5.png,0.339936,0.375000,0.000000,0.000000,0
509,C_0227_D3.png,0.404018,0.411683,0.000000,0.000000,0
510,C_0227_D4.png,0.385009,0.406926,0.000000,0.000000,0
511,C_0227_D5.png,0.357043,0.372294,0.000000,0.000000,0
512,C_0228_D3.png,0.369563,0.457917,0.087395,0.000000,0
513,C_0228_D4.png,0.373624,0.429926,0.000000,0.000000,0
514,C_0228_D5.png,0.264280,0.256016,0.666048,0.990327,1
515,C_0229_D3.png,0.302598,0.264957,0.989934,0.987149,1
516,C_0229_D4.png,0.338465,0.377551,0.341938,0.000000,0
517,C_0229_D5.png,0.326696,0.412202,0.096381,0.000000,0
518,C_0232_D4.png,0.209241,0.199940,0.999079,1.000000,1
519,C_0232_D5.png,0.197104,0.191168,0.998494,1.000000,1
520,C_0233_D3.png,0.212405,0.192879,0.996361,1.000000,1
521,C_0233_D4.png,0.252002,0.241873,0.996302,1.000000,1
522,C_0233_D5.png,0.262046,0.245382,0.995324,1.000000,1
523,C_0234_D4.png,0.165826,0.136165,0.998847,1.000000,1
524,C_0234_D5.png,0.317994,0.282258,0.075833,0.390773,0
525,C_0235_D4.png,0.301160,0.302381,0.000000,0.951445,1
526,C_0235_D5.png,0.243705,0.202902,0.997786,1.000000,1
527,C_0236_D3.png,0.272029,0.227657,0.999177,1.000000,1
528,C_0236_D4.png,0.282673,0.241935,0.991542,1.000000,1
529,C_0236_D5.png,0.306918,0.265152,0.000000,0.758729,1
530,C_0239_D4.png,0.372966,0.345804,0.000000,0.000000,0
531,C_0239_D5.png,0.394656,0.372727,0.000000,0.000000,0
532,C_0240_D3.png,0.305565,0.311785,0.033407,0.960157,1
533,C_0240_D4.png,0.225788,0.196376,0.995105,1.000000,1
534,C_0240_D5.png,0.225670,0.221505,0.996610,1.000000,1
535,C_0241_D3.png,0.300535,0.303462,0.709213,0.921848,1
536,C_0241_D4.png,0.311244,0.330317,0.308002,0.885772,0
537,C_0241_D5.png,0.298625,0.303846,0.941322,0.979109,1
538,C_0242_D3.png,0.258885,0.272678,0.992818,1.000000,1
539,C_0243_D3.png,0.328832,0.312440,0.997504,0.000504,0
540,C_0243_D4.png,0.292388,0.267519,0.996565,0.990167,1
541,C_0243_D5.png,0.289413,0.238441,0.998676,0.994779,1
542,C_0244_D3.png,0.237635,0.219841,0.998528,1.000000,1
543,C_0245_D3.png,0.338252,0.381378,0.292885,0.000000,0
544,C_0245_D4.png,0.267559,0.264231,0.993797,1.000000,1
545,C_0245_D5.png,0.285163,0.259615,0.998868,1.000000,1
546,C_0246_D3.png,0.324992,0.303279,0.603468,0.053272,0
547,C_0246_D5.png,0.277937,0.256016,0.999523,1.000000,1
548,C_0247_D3.png,0.261633,0.250000,0.998046,1.000000,1
549,C_0248_D3.png,0.307737,0.307059,0.996213,0.999909,1
550,C_0248_D4.png,0.276584,0.257653,0.996908,1.000000,1
551,C_0248_D5.png,0.256862,0.252273,0.971176,0.988648,1
552,C_0249_D3.png,0.289878,0.254301,0.994510,1.000000,1
553,C_0249_D4.png,0.238985,0.211637,0.999920,1.000000,1
554,C_0249_D5.png,0.364053,0.362692,0.000000,0.000000,0
555,C_0250_D3.png,0.283308,0.260738,0.994161,0.999998,1
556,C_0250_D4.png,0.290203,0.288136,0.000000,0.983700,1
557,C_0250_D5.png,0.329516,0.333791,0.000000,0.000000,0
558,C_0251_D4.png,0.370673,0.383929,0.000000,0.000000,0
559,C_0251_D5.png,0.444072,0.465490,0.000000,0.000000,0
560,C_0252_D3.png,0.350517,0.385417,0.000000,0.000000,0
561,C_0252_D5.png,0.352458,0.350996,0.102724,0.000000,0
562,C_0253_D3.png,0.175910,0.129066,0.999619,1.000000,1
563,C_0254_D3.png,0.204599,0.109141,0.999521,1.000000,1
564,C_0254_D4.png,0.188208,0.186813,0.996344,1.000000,1
565,C_0254_D5.png,0.167153,0.125000,0.996541,1.000000,1
566,C_0255_D3.png,0.249147,0.239334,0.997238,1.000000,1
567,C_0255_D4.png,0.276983,0.299230,0.998241,1.000000,1
568,C_0256_D3.png,0.284600,0.278433,0.998031,0.999999,1
569,C_0256_D4.png,0.229452,0.198228,0.999914,1.000000,1
570,C_0256_D5.png,0.252655,0.227833,0.999133,1.000000,1
571,C_0257_D3.png,0.267729,0.237069,0.997268,1.000000,1
572,C_0257_D4.png,0.268280,0.250000,0.994083,1.000000,1
573,C_0257_D5.png,0.247486,0.222238,0.997432,1.000000,1
574,C_0258_D3.png,0.342334,0.366275,0.000000,0.000000,0
575,C_0258_D4.png,0.344040,0.342593,0.000000,0.010447,0
576,C_0258_D5.png,0.290108,0.326667,0.000000,0.935750,1
577,C_0259_D3.png,0.215921,0.160010,0.999380,1.000000,1
578,C_0259_D4.png,0.200458,0.137815,0.999025,1.000000,1
579,C_0260_D3.png,0.294813,0.305632,0.884252,0.979758,1
580,C_0260_D4.png,0.318593,0.342105,0.000007,0.910470,0
581,C_0260_D5.png,0.330717,0.339080,0.000000,0.001579,0
582,C_0261_D3.png,0.301052,0.284343,0.402404,0.953615,1
583,C_0261_D4.png,0.240453,0.198009,0.998051,1.000000,1
584,C_0261_D5.png,0.258656,0.274937,0.989545,1.000000,1
585,C_0263_D3.png,0.318397,0.312805,0.492027,0.000052,0
586,C_0263_D4.png,0.299818,0.367982,0.968625,0.991060,1
587,C_0263_D5.png,0.268811,0.318966,0.000013,0.999913,1
588,C_0264_D4.png,0.299838,0.266667,0.996139,0.999997,1
589,C_0264_D5.png,0.273822,0.303226,0.995966,1.000000,1
590,C_0265_D3.png,0.233913,0.196801,0.999964,1.000000,1
591,C_0265_D4.png,0.152245,0.123918,0.999869,1.000000,1
592,C_0265_D5.png,0.113913,0.096247,0.999884,1.000000,1
593,C_0266_D3.png,0.291965,0.302694,0.959748,0.991271,1
594,C_0266_D4.png,0.274830,0.247676,0.990324,0.999999,1
595,C_0267_D3.png,0.292262,0.269661,0.998527,0.990384,1
596,C_0267_D4.png,0.269550,0.254618,0.999483,1.000000,1
597,C_0267_D5.png,0.334864,0.345737,0.000000,0.000000,0
598,C_0268_D3.png,0.400311,0.358262,0.914890,0.000015,0
599,C_0268_D4.png,0.352042,0.273479,0.760913,0.000000,0
600,C_0268_D5.png,0.476191,0.351579,0.000587,0.000000,0
601,C_0269_D3.png,0.373731,0.362939,0.000000,0.000000,0
602,C_0269_D4.png,0.422882,0.468506,0.000000,0.000000,0
603,C_0269_D5.png,0.502383,0.541246,0.000000,0.000000,0
604,C_0270_D3.png,0.333221,0.326863,0.303121,0.001987,0
605,C_0270_D4.png,0.303311,0.284343,0.988470,0.978945,1
606,C_0271_D3.png,0.230119,0.199949,0.997612,1.000000,1
607,C_0271_D4.png,0.244339,0.261845,0.998166,1.000000,1
608,C_0272_D3.png,0.294675,0.334347,0.710166,0.954971,1
609,C_0272_D4.png,0.264058,0.277233,0.997545,1.000000,1
610,C_0272_D5.png,0.263021,0.292653,0.977993,1.000000,1
611,C_0274_D3.png,0.241469,0.202849,0.999405,1.000000,1
612,C_0274_D4.png,0.245710,0.208612,0.999420,1.000000,1
613,C_0274_D5.png,0.258076,0.219461,0.996747,1.000000,1
614,C_0275_D4.png,0.262133,0.256579,0.991966,1.000000,1
615,C_0275_D5.png,0.224561,0.229125,0.949136,1.000000,1
616,C_0276_D3.png,0.269266,0.268446,0.987245,1.000000,1
617,C_0276_D4.png,0.209241,0.143966,0.999256,1.000000,1
618,C_0276_D5.png,0.175970,0.187070,0.998688,1.000000,1
619,C_0277_D3.png,0.351996,0.353077,0.001346,0.000000,0
620,C_0277_D4.png,0.335452,0.340377,0.156097,0.688358,0
621,C_0277_D5.png,0.256338,0.288462,0.819627,0.999923,1
622,C_0278_D3.png,0.245311,0.237634,0.996813,1.000000,1
623,C_0278_D4.png,0.210878,0.172321,0.999857,1.000000,1
624,C_0278_D5.png,0.288058,0.271264,0.000000,0.983045,1
625,C_0279_D3.png,0.367854,0.385367,0.000000,0.000000,0
626,C_0279_D4.png,0.379400,0.387917,0.000000,0.000000,0
627,C_0279_D5.png,0.404523,0.377391,0.000000,0.000000,0
628,C_0280_D3.png,0.404664,0.447894,0.000000,0.000000,0
629,C_0280_D4.png,0.364278,0.401923,0.000000,0.000000,0
630,C_0281_D3.png,0.212352,0.220202,0.999649,1.000000,1
631,C_0281_D4.png,0.166309,0.140437,0.999902,1.000000,1
632,C_0282_D4.png,0.373888,0.352322,0.000000,0.000000,0
633,C_0282_D5.png,0.312496,0.327381,0.000000,0.262067,0
634,C_0283_D3.png,0.339378,0.320513,0.000000,0.000000,0
635,C_0284_D4.png,0.303923,0.320000,0.980208,0.983961,1
636,C_0284_D5.png,0.292118,0.291290,0.995053,0.999943,1
637,C_0285_D3.png,0.355294,0.327381,0.000000,0.000000,0
638,C_0285_D4.png,0.390419,0.381944,0.000000,0.000000,0
639,C_0285_D5.png,0.439222,0.449495,0.000000,0.000000,0
640,C_0286_D3.png,0.193167,0.164062,0.999676,1.000000,1
641,C_0286_D5.png,0.268232,0.308558,0.998821,1.000000,1
642,C_0287_D3.png,0.265220,0.250000,0.993593,1.000000,1
643,C_0287_D4.png,0.197441,0.173497,0.996412,1.000000,1
644,C_0287_D5.png,0.221639,0.198810,0.999706,1.000000,1
645,C_0288_D4.png,0.314937,0.286797,0.000000,0.918895,0
646,C_0288_D5.png,0.293805,0.307266,0.000000,0.999069,1
647,C_0290_D3.png,0.298990,0.299934,0.490818,0.924850,1
648,C_0290_D5.png,0.257055,0.238722,0.998681,1.000000,1
649,C_0291_D4.png,0.297101,0.342208,0.970474,0.999828,1
650,C_0291_D5.png,0.472673,0.484898,0.000000,0.000000,0
651,C_0292_D3.png,0.239771,0.232759,0.998138,1.000000,1
652,C_0292_D4.png,0.209817,0.201695,0.999035,1.000000,1
653,C_0292_D5.png,0.284608,0.317785,0.988668,1.000000,1
654,C_0293_D5.png,0.297724,0.340000,0.976741,0.990957,1
655,C_0294_D4.png,0.258568,0.244048,0.999071,1.000000,1
656,C_0294_D5.png,0.254554,0.267016,0.961241,0.987558,1
657,C_0295_D3.png,0.296596,0.287931,0.990010,0.935643,1
658,C_0295_D4.png,0.325188,0.357257,0.000000,0.000062,0
659,C_0295_D5.png,0.328410,0.323657,0.000000,0.003001,0
660,C_0296_D4.png,0.250810,0.250000,0.998752,1.000000,1
661,C_0296_D5.png,0.220702,0.220202,0.996228,1.000000,1
662,C_0297_D3.png,0.309875,0.310345,0.507783,0.972895,1
663,C_0297_D4.png,0.293076,0.301724,0.946655,0.984216,1
664,C_0297_D5.png,0.276219,0.318966,0.993925,0.995044,1
665,C_0298_D3.png,0.277754,0.296398,0.856407,0.999999,1
666,C_0298_D4.png,0.322708,0.367521,0.564862,0.116752,0
667,C_0298_D5.png,0.287165,0.293603,0.985719,1.000000,1
668,C_0299_D3.png,0.250533,0.252273,0.996814,1.000000,1
669,C_0299_D4.png,0.334641,0.379808,0.978608,0.959768,0
670,C_0299_D5.png,0.278173,0.342888,0.928543,1.000000,1
671,C_0300_D3.png,0.377129,0.391258,0.000000,0.000000,0
672,C_0300_D4.png,0.414708,0.441558,0.000000,0.000000,0
673,C_0300_D5.png,0.487599,0.500159,0.000000,0.000000,0
674,C_0301_D3.png,0.358809,0.410000,0.000000,0.000000,0
675,C_0301_D4.png,0.349571,0.330303,0.000000,0.813695,0
676,C_0301_D5.png,0.348038,0.372692,0.000000,0.000000,0
677,C_0303_D4.png,0.205164,0.183502,0.992918,1.000000,1
678,C_0303_D5.png,0.270570,0.277778,0.000089,0.999994,1
679,C_0304_D3.png,0.270143,0.262931,0.997889,1.000000,1
680,C_0304_D4.png,0.242723,0.243927,0.996900,1.000000,1
681,C_0304_D5.png,0.224921,0.205357,0.992368,1.000000,1
682,C_0305_D3.png,0.332884,0.366275,0.460961,0.000000,0
683,C_0305_D4.png,0.300375,0.327219,0.401866,0.937122,1
684,C_0305_D5.png,0.311615,0.314839,0.604074,0.356951,0
685,C_0306_D3.png,0.220010,0.188978,0.998614,1.000000,1
686,C_0306_D4.png,0.212718,0.177724,0.994369,1.000000,1
687,C_0307_D3.png,0.271887,0.283051,0.995990,1.000000,1
688,C_0307_D4.png,0.264833,0.258940,0.998900,1.000000,1
689,C_0307_D5.png,0.296884,0.326667,0.000000,0.945417,1
690,C_0308_D3.png,0.267017,0.288499,0.992493,0.999991,1
691,C_0308_D4.png,0.242426,0.239041,0.999777,1.000000,1
692,C_0309_D3.png,0.264331,0.262443,0.991738,1.000000,1
693,C_0309_D4.png,0.261255,0.266509,0.994611,1.000000,1
694,C_0309_D5.png,0.253407,0.238208,0.994849,1.000000,1
695,C_0310_D3.png,0.335622,0.333478,0.268523,0.000000,0
696,C_0310_D5.png,0.239042,0.235327,0.956705,1.000000,1
697,C_0311_D3.png,0.382032,0.408418,0.020986,0.000000,0
698,C_0313_D3.png,0.302499,0.298030,0.263407,0.979195,1
699,C_0313_D5.png,0.271427,0.276715,0.970660,1.000000,1
700,C_0314_D3.png,0.271750,0.298030,0.988863,1.000000,1
701,C_0314_D5.png,0.276153,0.318452,0.988987,0.998649,1
702,C_0316_D3.png,0.356636,0.385417,0.000000,0.000000,0
703,C_0316_D4.png,0.333631,0.350000,0.000000,0.769377,0
704,C_0316_D5.png,0.276164,0.333333,0.714751,1.000000,1
705,C_0317_D3.png,0.258865,0.238384,0.990093,0.990193,1
706,C_0317_D4.png,0.256296,0.252273,0.999216,1.000000,1
707,C_0317_D5.png,0.246055,0.252449,0.994727,1.000000,1
708,C_0319_D3.png,0.392568,0.398333,0.000000,0.000000,0
709,C_0319_D4.png,0.377724,0.362745,0.000000,0.000000,0
710,C_0319_D5.png,0.265852,0.268519,0.995117,0.999997,1
711,C_0320_D3.png,0.231213,0.225490,0.983330,1.000000,1
712,C_0320_D4.png,0.232106,0.220370,0.992548,1.000000,1
713,C_0322_D4.png,0.289512,0.280224,0.996392,0.999999,1
714,C_0322_D5.png,0.205653,0.186538,0.995454,1.000000,1
715,C_0323_D3.png,0.164492,0.193599,0.999309,1.000000,1
716,C_0323_D4.png,0.194893,0.232759,0.999325,1.000000,1
717,C_0324_D3.png,0.314172,0.323265,0.633071,0.010710,0
718,C_0324_D5.png,0.283056,0.340136,0.000000,1.000000,1
719,C_0325_D3.png,0.305385,0.302694,0.731838,0.941281,1
720,C_0325_D4.png,0.292961,0.318007,0.480883,1.000000,1
721,C_0326_D3.png,0.177170,0.103075,0.999778,1.000000,1
722,C_0326_D4.png,0.230337,0.218449,0.999944,1.000000,1
723,C_0326_D5.png,0.225011,0.224319,0.995833,1.000000,1
724,C_0331_D3.png,0.233638,0.229301,0.996166,1.000000,1
725,C_0331_D4.png,0.233117,0.242424,0.998926,1.000000,1
726,C_0331_D5.png,0.267123,0.282201,0.999191,1.000000,1
727,C_0332_D3.png,0.381348,0.399879,0.000000,0.000000,0
728,C_0333_D3.png,0.180154,0.117647,0.988321,1.000000,1
729,C_0333_D4.png,0.219928,0.203151,0.999874,1.000000,1
730,C_0333_D5.png,0.297126,0.318714,0.999760,0.999640,1
731,C_0334_D3.png,0.150541,0.112766,0.998242,1.000000,1
732,C_0334_D4.png,0.206334,0.188235,0.999540,1.000000,1
733,C_0334_D5.png,0.338243,0.365245,0.000000,0.000000,0
734,C_0335_D4.png,0.410998,0.359375,0.000000,0.000000,0
735,C_0335_D5.png,0.349518,0.394704,0.000000,0.225986,0
736,C_0336_D3.png,0.269530,0.248335,0.998338,1.000000,1
737,C_0336_D4.png,0.125024,0.090132,0.999750,1.000000,1
738,C_0336_D5.png,0.192588,0.201683,0.998610,1.000000,1
739,C_0337_D3.png,0.278695,0.269522,0.995693,1.000000,1
740,C_0337_D4.png,0.313021,0.327586,0.401811,0.850624,0
741,C_0337_D5.png,0.325648,0.324561,0.000000,0.358649,0
742,C_0338_D3.png,0.361237,0.371554,0.000000,0.000000,0
743,C_0338_D4.png,0.334972,0.330372,0.000000,0.019714,0
744,C_0338_D5.png,0.349961,0.375000,0.000000,0.000917,0
745,C_0339_D4.png,0.399096,0.450769,0.000000,0.000000,0
746,C_0339_D5.png,0.376217,0.421538,0.000000,0.000000,0
747,C_0340_D3.png,0.232305,0.196774,0.999378,1.000000,1
748,C_0340_D4.png,0.245536,0.230713,0.997513,1.000000,1
749,C_0340_D5.png,0.363512,0.396078,0.000000,0.000000,0
750,C_0341_D3.png,0.176189,0.115162,0.999850,1.000000,1
751,C_0341_D4.png,0.237452,0.176011,0.999624,1.000000,1
752,C_0342_D3.png,0.250550,0.250000,0.981127,1.000000,1
753,C_0342_D4.png,0.289158,0.299301,0.980692,0.974975,1
754,C_0342_D5.png,0.244601,0.238026,0.971370,1.000000,1
755,C_0343_D3.png,0.269640,0.269981,0.959948,1.000000,1
756,C_0343_D4.png,0.296309,0.320312,0.993923,0.983522,1
757,C_0344_D3.png,0.203989,0.200036,0.999903,1.000000,1
758,C_0344_D4.png,0.253446,0.294646,0.999864,1.000000,1
759,C_0345_D3.png,0.336757,0.343137,0.000000,0.031976,0
760,C_0345_D4.png,0.266103,0.234416,0.566548,0.999999,1
761,C_0345_D5.png,0.314978,0.343137,0.000000,0.000000,0
762,C_0346_D4.png,0.359717,0.349003,0.000000,0.000000,0
763,C_0346_D5.png,0.380583,0.363757,0.000000,0.000000,0
764,C_0347_D3.png,0.201582,0.169355,0.998307,1.000000,1
765,C_0347_D4.png,0.196888,0.168182,0.998209,1.000000,1
766,C_0347_D5.png,0.150367,0,0.999557,1.000000,1
767,C_0348_D3.png,0.300554,0.279598,0.005375,0.983454,1
768,C_0348_D4.png,0.340336,0.339080,0.000000,0.105927,0
769,C_0348_D5.png,0.278222,0.280788,0.000054,0.999974,1
770,C_0349_D3.png,0.361767,0.357143,0.146798,0.000000,0
771,C_0349_D4.png,0.342824,0.365094,0.019882,0.000000,0
772,C_0349_D5.png,0.417998,0.480769,0.000000,0.000000,0
773,C_0350_D3.png,0.223140,0.219212,0.998526,1.000000,1
774,C_0350_D4.png,0.249715,0.256284,0.994954,1.000000,1
775,C_0350_D5.png,0.266932,0.300899,0.998826,0.996737,1
776,C_0351_D3.png,0.357736,0.376078,0.000000,0.000004,0
777,C_0351_D4.png,0.336060,0.361756,0.000000,0.943213,0
778,C_0351_D5.png,0.180214,0.210006,0.997811,1.000000,1
779,C_0352_D3.png,0.184410,0.134358,0.998522,1.000000,1
780,C_0352_D4.png,0.179294,0.157847,0.999455,1.000000,1
781,C_0352_D5.png,0.182342,0.209255,0.991137,1.000000,1
782,C_0353_D4.png,0.162434,0.137218,0.999959,1.000000,1
783,C_0353_D5.png,0.236060,0.258132,0.999483,1.000000,1
784,C_0354_D5.png,0.232796,0.256579,0.997231,1.000000,1
785,C_0355_D4.png,0.259724,0.254986,0.991233,1.000000,1
786,C_0355_D5.png,0.305486,0.301994,0.987663,0.996644,1
787,C_0356_D3.png,0.320798,0.284419,0.297890,0.763051,0
788,C_0356_D4.png,0.301108,0.308333,0.674255,0.998984,1
789,C_0356_D5.png,0.267832,0.278730,0.992760,1.000000,1
790,C_0357_D3.png,0.338593,0.235664,0.887699,0.960880,0
791,C_0357_D4.png,0.384830,0.295900,0.670827,0.001751,0
792,C_0358_D3.png,0.260436,0.254386,0.987961,1.000000,1
793,C_0358_D4.png,0.203676,0.176554,0.999709,1.000000,1
794,C_0358_D5.png,0.199781,0.227183,0.998883,1.000000,1
795,C_0359_D3.png,0.371416,0.378249,0.285285,0.000000,0
796,C_0359_D4.png,0.388288,0.413793,0.000000,0.000000,0
797,C_0359_D5.png,0.453648,0.438732,0.000000,0.000000,0
798,C_0362_D3.png,0.365925,0.405357,0.000000,0.000000,0
799,C_0362_D4.png,0.356435,0.374017,0.000000,0.000000,0
800,C_0362_D5.png,0.330275,0.264625,0.000000,0.071620,0
801,C_0363_D3.png,0.272504,0.235093,0.999575,1.000000,1
802,C_0363_D4.png,0.303540,0.314728,0.999530,0.998461,1
803,C_0363_D5.png,0.316303,0.344086,0.000000,0.038729,0
804,C_0364_D3.png,0.291388,0.286903,0.963273,0.972255,1
805,C_0364_D4.png,0.305988,0.317540,0.695175,0.999588,1
806,C_0364_D5.png,0.377886,0.393045,0.000000,0.000000,0
807,C_0365_D3.png,0.297255,0.256566,0.716203,0.908408,1
808,C_0365_D4.png,0.268766,0.254618,0.994964,1.000000,1
809,C_0366_D3.png,0.300543,0.273504,0.994486,1.000000,1
810,C_0366_D4.png,0.263269,0.227183,0.986479,1.000000,1
811,C_0366_D5.png,0.249137,0.247277,0.000055,1.000000,1
812,C_0367_D3.png,0.308561,0.296552,0.735717,0.932888,1
813,C_0367_D5.png,0.243166,0.286925,0.999251,1.000000,1
814,C_0368_D3.png,0.210501,0.217742,0.996242,1.000000,1
815,C_0368_D4.png,0.216829,0.233333,0.999654,1.000000,1
816,C_0368_D5.png,0.255848,0.250000,0.988478,1.000000,1
817,C_0370_D4.png,0.316147,0.300909,0.881282,0.949913,0
818,C_0371_D3.png,0.301349,0.309524,0.000000,0.976809,1
819,C_0371_D4.png,0.331521,0.344545,0.000000,0.001145,0
820,C_0371_D5.png,0.259936,0.289589,0.000000,0.999994,1
821,C_0372_D3.png,0.201514,0.163993,0.999506,1.000000,1
822,C_0372_D4.png,0.233454,0.222003,0.999786,1.000000,1
823,C_0373_D4.png,0.238105,0.234848,0.999947,1.000000,1
824,C_0373_D5.png,0.299387,0.316199,0.856231,0.756088,1
825,C_0375_D3.png,0.246512,0.201695,0.998890,0.999770,1
826,C_0375_D4.png,0.224202,0.201663,0.999462,1.000000,1
827,C_0375_D5.png,0.291131,0.304971,0.914576,0.990209,1
828,C_0377_D5.png,0.273646,0.288462,0.991101,0.999999,1
829,C_0378_D4.png,0.277212,0.192495,0.998306,1.000000,1
830,C_0378_D5.png,0.263106,0.261880,0.976894,1.000000,1
831,C_0379_D3.png,0.274068,0.291419,0.993654,0.999891,1
832,C_0379_D4.png,0.292964,0.289071,0.831928,0.987496,1
833,C_0380_D3.png,0.289697,0.299934,0.971284,1.000000,1
834,C_0380_D4.png,0.290004,0.252261,0.926971,1.000000,1
835,C_0381_D3.png,0.286786,0.276309,0.760295,0.974900,1
836,C_0381_D4.png,0.263578,0.270692,0.000000,0.999999,1
837,C_0381_D5.png,0.285755,0.301411,0.061358,0.981675,1
838,C_0382_D4.png,0.325138,0.308831,0.000000,0.193274,0
839,C_0382_D5.png,0.346323,0.330893,0.000000,0.000000,0
840,C_0383_D3.png,0.332518,0.307692,0.132627,0.000011,0
841,C_0383_D4.png,0.294629,0.284175,0.020178,0.991399,1
842,C_0383_D5.png,0.268095,0.305489,0.959697,1.000000,1
843,C_0384_D4.png,0.355856,0.369318,0.000000,0.000003,0
844,C_0384_D5.png,0.272341,0.280224,0.000000,0.985594,1
845,C_0385_D3.png,0.275401,0.258621,0.990044,1.000000,1
846,C_0385_D4.png,0.337543,0.317610,0.000000,0.001200,0
847,C_0386_D4.png,0.337973,0.337556,0.074114,0.000000,0
848,C_0387_D3.png,0.304271,0.294993,0.860196,0.977732,1
849,C_0388_D3.png,0.356862,0.380378,0.040953,0.000000,0
850,C_0388_D4.png,0.344632,0.385417,0.229102,0.000001,0
851,C_0388_D5.png,0.359138,0.419056,0.000000,0.000000,0
852,C_0389_D5.png,0.340440,0.362692,0.000000,0.000198,0
853,C_0390_D3.png,0.320279,0.296296,0.650361,0.769231,0
854,C_0390_D5.png,0.397732,0.400218,0.000000,0.000000,0
855,C_0391_D3.png,0.300110,0.239887,0.983876,0.980489,1
856,C_0391_D4.png,0.334511,0.268271,0.995246,0.000001,0
857,C_0391_D5.png,0.374698,0.328431,0.000000,0.000000,0
858,C_0392_D3.png,0.182075,0.130222,0.999936,1.000000,1
859,C_0392_D4.png,0.217743,0.181261,0.999382,1.000000,1
860,C_0392_D5.png,0.227154,0.209677,0.994637,1.000000,1
861,C_0393_D4.png,0.420200,0.416848,0.000000,0.000000,0
862,C_0393_D5.png,0.415373,0.453444,0.000000,0.000000,0
863,C_0394_D3.png,0.392124,0.394286,0.000000,0.000000,0
864,C_0394_D4.png,0.421037,0.465098,0.000000,0.000000,0
865,C_0394_D5.png,0.434480,0.485098,0.000000,0.000000,0
866,C_0395_D3.png,0.349577,0.346282,0.056998,0.000000,0
867,C_0395_D4.png,0.346780,0.355420,0.000000,0.009189,0
868,C_0396_D3.png,0.273009,0.262356,0.991338,0.999235,1
869,C_0396_D4.png,0.277480,0.281999,0.998304,0.999836,1
870,C_0396_D5.png,0.252053,0.256148,0.990790,1.000000,1
871,C_0397_D3.png,0.290820,0.260882,0.994397,1.000000,1
872,C_0397_D4.png,0.308300,0.300752,0.404367,0.727067,1
873,C_0397_D5.png,0.244571,0.279087,0.998905,1.000000,1
874,C_0399_D4.png,0.162320,0.152009,0.999740,1.000000,1
875,C_0400_D4.png,0.374088,0.381818,0.000000,0.000000,0
876,C_0401_D3.png,0.277248,0.194410,0.998615,1.000000,1
877,C_0401_D4.png,0.276212,0.287097,0.997708,1.000000,1
878,C_0401_D5.png,0.307655,0.224138,0.468160,0.973865,1
879,C_0402_D3.png,0.360951,0.379433,0.000000,0.000000,0
880,C_0402_D4.png,0.354008,0.360000,0.000000,0.000000,0
881,C_0402_D5.png,0.226492,0.265993,0.981819,1.000000,1
882,C_0403_D3.png,0.332998,0.343070,0.242880,0.000202,0
883,C_0403_D4.png,0.343687,0.348653,0.000000,0.000000,0
884,C_0403_D5.png,0.296588,0.299934,0.000000,0.919890,1
885,C_0404_D4.png,0.201260,0.157635,0.998832,1.000000,1
886,C_0404_D5.png,0.256326,0.269231,0.991957,1.000000,1
887,C_0405_D3.png,0.187461,0.189323,0.999145,1.000000,1
888,C_0405_D4.png,0.273688,0.335861,0.999690,0.999959,1
889,C_0405_D5.png,0.289927,0.275387,0.992132,0.979040,1
890,C_0406_D3.png,0.341905,0.387500,0.000000,0.000000,0
891,C_0406_D4.png,0.350670,0.422766,0.000000,0.000000,0
892,C_0407_D3.png,0.265254,0.267857,0.998614,1.000000,1
893,C_0407_D4.png,0.208785,0.170809,0.999678,1.000000,1
894,C_0407_D5.png,0.217024,0.221445,0.999202,1.000000,1
895,C_0408_D4.png,0.251975,0.226836,0.999516,1.000000,1
896,C_0408_D5.png,0.183899,0.243640,0.996900,1.000000,1
897,C_0409_D5.png,0.289409,0.275084,0.972122,0.999872,1
898,C_0410_D4.png,0.214861,0.250834,0.999734,1.000000,1
899,C_0411_D3.png,0.297721,0.274436,0.484516,0.964621,1
900,C_0411_D4.png,0.330616,0.291667,0.000000,0.381553,0
901,C_0411_D5.png,0.301436,0.290675,0.000000,0.961529,1
902,C_0412_D3.png,0.421732,0.485098,0.000000,0.000000,0
903,C_0412_D4.png,0.364246,0.388492,0.000002,0.000000,0
904,C_0412_D5.png,0.372405,0.374965,0.000000,0.000000,0
905,C_0413_D3.png,0.309050,0.333077,0.994483,0.999997,1
906,C_0413_D4.png,0.284670,0.313846,0.992282,1.000000,1
907,C_0413_D5.png,0.281896,0.295174,0.943835,1.000000,1
908,C_0414_D4.png,0.301708,0.298948,0.025115,0.798131,1
909,C_0415_D3.png,0.177983,0.132353,0.996028,1.000000,1
910,C_0416_D4.png,0.277479,0.259615,0.995740,1.000000,1
911,C_0416_D5.png,0.212025,0.166274,0.996643,1.000000,1
912,C_0417_D3.png,0.422320,0.453656,0.000000,0.000000,0
913,C_0417_D4.png,0.358179,0.384758,0.000000,0.000000,0
914,C_0417_D5.png,0.296424,0.299603,0.395661,0.927079,1
915,C_0419_D3.png,0.211479,0.173455,0.999141,1.000000,1
916,C_0419_D4.png,0.264432,0.262931,0.992861,1.000000,1
917,C_0419_D5.png,0.288193,0.304328,0.000000,0.999766,1
918,C_0420_D3.png,0.292966,0.317610,0.938261,0.999988,1
919,C_0421_D3.png,0.253750,0.240670,0.999248,0.999912,1
920,C_0421_D4.png,0.218656,0.178571,0.999378,1.000000,1
921,C_0421_D5.png,0.246573,0.256284,0.998063,1.000000,1
922,C_0422_D4.png,0.244315,0.229950,0.997998,1.000000,1
923,C_0423_D4.png,0.274740,0.268254,0.996927,0.999011,1
924,C_0423_D5.png,0.193354,0.222238,0.999847,1.000000,1
925,C_0424_D3.png,0.335542,0.372308,0.032927,0.000098,0
926,C_0424_D4.png,0.281745,0.253643,0.997594,0.999999,1
927,C_0425_D5.png,0.346051,0.384758,0.295908,0.000000,0
928,C_0426_D3.png,0.271507,0.256283,0.985085,0.996192,1
929,C_0426_D4.png,0.228970,0.216355,0.998998,1.000000,1
930,C_0426_D5.png,0.282484,0.283333,0.000539,0.990830,1
931,C_0427_D3.png,0.248769,0.215027,0.846909,1.000000,1
932,C_0427_D5.png,0.228027,0.231951,0.000000,1.000000,1
933,C_0428_D3.png,0.381347,0.403249,0.000000,0.000000,0
934,C_0428_D4.png,0.335413,0.339058,0.000000,0.003616,0
935,C_0428_D5.png,0.390920,0.391961,0.000000,0.000000,0
936,C_0429_D4.png,0.240762,0.226104,0.994664,1.000000,1
937,C_0430_D3.png,0.315994,0.342105,0.359334,0.966783,0
938,C_0430_D4.png,0.308459,0.305874,0.000000,0.942670,1
939,C_0431_D3.png,0.181231,0.152778,0.999976,1.000000,1
940,C_0431_D4.png,0.150697,0.109843,0.999753,1.000000,1
941,C_0432_D3.png,0.324023,0.317483,0.873640,0.325440,0
942,C_0432_D4.png,0.337972,0.364605,0.000000,0.004886,0
943,C_0432_D5.png,0.324159,0.309924,0.000000,0.828301,0
944,C_0433_D3.png,0.331525,0.336066,0.000000,0.034856,0
945,C_0433_D4.png,0.329306,0.317909,0.000000,0.001155,0
946,C_0434_D4.png,0.365353,0.373690,0.000000,0.000000,0
947,C_0435_D3.png,0.315718,0.355716,0.015321,0.884041,0
948,C_0435_D5.png,0.309147,0.323657,0.000000,0.882185,1
949,C_0436_D3.png,0.329348,0.333105,0.364981,0.440551,0
950,C_0436_D4.png,0.319093,0.315260,0.401520,0.717063,0
951,C_0436_D5.png,0.338776,0.342593,0.452614,0.000006,0
952,C_0437_D3.png,0.225862,0.203067,0.994529,1.000000,1
953,C_0437_D5.png,0.286328,0.270430,0.964658,0.985493,1
954,C_0438_D3.png,0.410284,0.451923,0.000000,0.000000,0
955,C_0438_D4.png,0.305434,0.330460,0.000000,0.985586,1
956,C_0438_D5.png,0.187011,0.196678,0.988587,1.000000,1
957,C_0439_D3.png,0.311012,0.324074,0.559022,0.941201,0
958,C_0439_D4.png,0.248766,0.241060,0.998774,1.000000,1
959,C_0439_D5.png,0.236036,0.251665,0.924043,1.000000,1
960,C_0441_D3.png,0.342884,0.361756,0.028723,0.000598,0
961,C_0441_D4.png,0.337133,0.360624,0.000000,0.001833,0
962,C_0442_D3.png,0.251985,0.231421,0.987735,1.000000,1
963,C_0442_D4.png,0.224979,0.188710,0.998789,1.000000,1
964,C_0442_D5.png,0.214497,0.242657,0.993830,1.000000,1
965,C_0443_D3.png,0.298649,0.312500,0.993924,0.999999,1
966,C_0443_D5.png,0.300665,0.300377,0.978358,0.991060,1
967,C_0444_D4.png,0.362168,0.400641,0.000000,0.000000,0
968,C_0444_D5.png,0.325009,0.299745,0.975569,1.000000,0
969,C_0445_D4.png,0.325197,0.381489,0.325148,0.890822,0
970,C_0445_D5.png,0.397918,0.442841,0.000000,0.000000,0
971,C_0446_D3.png,0.215352,0.092603,0.997218,0.999983,1
972,C_0446_D4.png,0.248510,0.226823,0.994386,0.999091,1
973,C_0446_D5.png,0.295336,0.338983,0.775925,0.991083,1
974,C_0447_D3.png,0.184441,0.126724,0.999167,1.000000,1
975,C_0447_D5.png,0.185708,0.238878,0.997518,1.000000,1
976,C_0448_D3.png,0.340134,0.362745,0.000122,0.000000,0
977,C_0448_D4.png,0.375733,0.413462,0.000000,0.000000,0
978,C_0449_D3.png,0.243632,0.235722,0.999205,1.000000,1
979,C_0449_D5.png,0.247392,0.252261,0.942096,0.949452,1
980,C_0450_D4.png,0.333729,0.330303,0.000000,0.017759,0
981,C_0451_D3.png,0.268172,0.250000,0.995493,0.999999,1
982,C_0451_D4.png,0.266664,0.239911,0.997654,1.000000,1
983,C_0451_D5.png,0.316300,0.301994,0.000000,0.181253,0
984,C_0453_D3.png,0.313196,0.330303,0.733240,0.136622,0
985,C_0453_D4.png,0.305971,0.339286,0.975970,0.965175,1
986,C_0453_D5.png,0.249638,0.248246,0.981098,1.000000,1
987,C_0454_D3.png,0.311224,0.305172,0.435714,0.165762,0
988,C_0454_D4.png,0.327884,0.321839,0.000000,0.000000,0
989,C_0454_D5.png,0.361028,0.391344,0.000000,0.000000,0
990,C_0455_D3.png,0.261247,0.226562,0.999351,1.000000,1
991,C_0455_D4.png,0.257415,0.241657,0.999799,1.000000,1
992,C_0455_D5.png,0.306804,0.283208,0.000000,0.489180,1
993,C_0456_D3.png,0.188026,0.176587,0.999628,1.000000,1
994,C_0456_D5.png,0.183963,0.217105,0.999523,1.000000,1
995,C_0457_D3.png,0.254916,0.270964,0.990385,1.000000,1
996,C_0457_D4.png,0.231800,0.229570,0.997438,1.000000,1
997,C_0457_D5.png,0.279321,0.307496,0.997291,1.000000,1
998,C_0458_D3.png,0.322868,0.311321,0.297983,0.053379,0
999,C_0459_D3.png,0.381862,0.401923,0.000000,0.000000,0
1000,C_0459_D5.png,0.362115,0.358171,0.000000,0.000000,0
1001,C_0460_D3.png,0.345293,0.348485,0.000000,0.000037,0
1002,C_0460_D4.png,0.356763,0.350985,0.000000,0.001840,0
1003,C_0460_D5.png,0.298531,0.342539,0.000000,0.985550,1
1004,C_0461_D4.png,0.242930,0.238026,0.995406,1.000000,1
1005,C_0461_D5.png,0.308316,0.323636,0.318517,0.874216,1
1006,C_0462_D3.png,0.277835,0.288690,0.986321,1.000000,1
1007,C_0462_D5.png,0.260128,0.318665,0.975395,1.000000,1
1008,C_0464_D3.png,0.381742,0.349548,0.000002,0.000000,0
1009,C_0464_D5.png,0.284977,0.312201,0.975535,1.000000,1
1010,C_0466_D3.png,0.434904,0.479167,0.000000,0.000000,0
1011,C_0466_D4.png,0.464917,0.539394,0.000000,0.000000,0
1012,C_0466_D5.png,0.440618,0.545996,0.000000,0.000000,0
1013,C_0467_D5.png,0.197109,0.187400,0.999616,1.000000,1
1014,C_0468_D3.png,0.267944,0.255769,0.999855,0.999996,1
1015,C_0468_D4.png,0.295960,0.284615,0.000000,0.692410,1
1016,C_0468_D5.png,0.417666,0.432471,0.000000,0.000000,0
1017,C_0469_D3.png,0.262267,0.267241,0.998990,1.000000,1
1018,C_0469_D4.png,0.243341,0.251390,0.999520,1.000000,1
1019,C_0469_D5.png,0.370384,0.388679,0.000000,0.000000,0
1020,C_0470_D3.png,0.368511,0.410000,0.000000,0.000000,0
1021,C_0470_D4.png,0.406770,0.458532,0.000000,0.000000,0
1022,C_0470_D5.png,0.292839,0.302174,0.953602,0.986512,1
1023,C_0471_D3.png,0.267714,0.278450,0.846726,1.000000,1
1024,C_0471_D4.png,0.287676,0.302694,0.531734,0.983920,1
1025,C_0472_D3.png,0.266221,0.289658,0.991141,1.000000,1
1026,C_0472_D4.png,0.246286,0.227833,0.998118,1.000000,1
1027,C_0472_D5.png,0.238779,0.293603,0.996090,1.000000,1
1028,C_0473_D4.png,0.367318,0.392857,0.000000,0.000000,0
1029,C_0473_D5.png,0.332142,0.323706,0.000000,0.001393,0
1030,C_0474_D4.png,0.353984,0.406209,0.000192,0.000000,0
1031,C_0474_D5.png,0.311220,0.346667,0.000000,0.000000,0
1032,C_0475_D3.png,0.295055,0.324357,0.989399,0.981712,1
1033,C_0475_D4.png,0.336197,0.370879,0.014956,0.202550,0
1034,C_0475_D5.png,0.389567,0.424632,0.000000,0.000000,0
1035,C_0476_D4.png,0.325694,0.329940,0.000000,0.787504,0
1036,C_0476_D5.png,0.231119,0.245283,0.996226,1.000000,1
1037,C_0477_D3.png,0.467797,0.562500,0.000000,0.000000,0
1038,C_0477_D4.png,0.412157,0.460385,0.000000,0.000000,0
1039,C_0477_D5.png,0.360325,0.371553,0.004476,0.000000,0
1040,C_0479_D3.png,0.314692,0.296863,0.952139,0.456956,0
1041,C_0482_D3.png,0.165881,0.106993,0.999871,1.000000,1
1042,C_0482_D5.png,0.266161,0.325721,0.900509,0.999999,1
1043,C_0484_D4.png,0.373412,0.416848,0.199058,0.000000,0
1044,C_0486_D3.png,0.248686,0.247808,0.995819,1.000000,1
1045,C_0486_D5.png,0.298536,0.279383,0.845448,0.998825,1
1046,C_0487_D3.png,0.368553,0.410256,0.000000,0.000000,0
1047,C_0487_D5.png,0.360594,0.379588,0.000000,0.000000,0
1048,C_0488_D3.png,0.429808,0.478261,0.000000,0.000000,0
1049,C_0488_D5.png,0.279539,0.313853,0.463070,1.000000,1
1050,C_0492_D3.png,0.318889,0.330303,0.424643,0.182420,0
1051,C_0492_D4.png,0.275958,0.280788,0.996057,1.000000,1
1052,C_0492_D5.png,0.267265,0.286964,0.996478,1.000000,1
1053,C_0493_D3.png,0.281722,0.279661,0.975540,0.954986,1
1054,C_0493_D4.png,0.256439,0.266667,0.998375,1.000000,1
1055,C_0493_D5.png,0.243737,0.254310,0.999340,1.000000,1
1056,C_0494_D3.png,0.176418,0.177219,0.999135,1.000000,1
1057,C_0494_D4.png,0.244394,0.229293,0.998477,1.000000,1
1058,C_0494_D5.png,0.295266,0.298148,0.000000,0.864641,1
1059,C_0495_D3.png,0.296454,0.288690,0.368101,0.969712,1
1060,C_0495_D5.png,0.129474,0.175824,0.999612,1.000000,1
1061,C_0496_D3.png,0.248226,0.246032,0.997928,1.000000,1
1062,C_0496_D4.png,0.192085,0.199846,0.999885,1.000000,1
1063,C_0497_D3.png,0.316278,0.340000,0.392334,0.444834,0
1064,C_0497_D4.png,0.204348,0.238026,0.994561,1.000000,1
1065,C_0497_D5.png,0.135504,0.175926,0.999556,1.000000,1
1066,C_0499_D3.png,0.275855,0.237069,0.998361,1.000000,1
1067,C_0499_D4.png,0.308769,0.318531,0.261533,0.984306,1
1068,C_0499_D5.png,0.290693,0.299934,0.000000,0.978394,1
1069,C_0500_D3.png,0.257453,0.206958,0.999449,1.000000,1
1070,C_0500_D5.png,0.314991,0.299934,0.000000,0.019387,0
1071,C_0501_D4.png,0.221767,0.201970,0.999549,1.000000,1
1072,C_0501_D5.png,0.204842,0.232217,0.999063,1.000000,1
1073,C_0502_D3.png,0.320136,0.354082,0.779005,0.744501,0
1074,C_0502_D4.png,0.268042,0.246684,0.979010,1.000000,1
1075,C_0502_D5.png,0.228286,0.244615,0.979115,1.000000,1
1076,C_0503_D5.png,0.252080,0.268838,0.998794,1.000000,1
1077,C_0504_D4.png,0.364154,0.366078,0.000000,0.000000,0
1078,C_0504_D5.png,0.330863,0.309837,0.000000,0.559963,0
1079,C_0505_D3.png,0.331518,0.336471,0.584138,0.000000,0
1080,C_0505_D4.png,0.348705,0.373878,0.344165,0.000004,0
1081,C_0506_D3.png,0.296180,0.327393,0.430491,0.919902,1
1082,C_0506_D4.png,0.307992,0.339394,0.596591,0.996159,1
1083,C_0506_D5.png,0.271831,0.308333,0.993351,1.000000,1
1084,C_0508_D3.png,0.264769,0.245040,0.993996,1.000000,1
1085,C_0508_D4.png,0.192509,0.182460,0.999922,1.000000,1
1086,C_0509_D3.png,0.389952,0.400399,0.000007,0.000000,0
1087,C_0509_D5.png,0.314416,0.336640,0.828698,0.477787,0
1088,C_0510_D3.png,0.378664,0.365402,0.067710,0.000000,0
1089,C_0510_D4.png,0.318252,0.316863,0.946787,0.200879,0
1090,C_0510_D5.png,0.294396,0.322134,0.000008,0.914886,1
1091,C_0512_D3.png,0.342215,0.333469,0.000000,0.000000,0
1092,C_0512_D4.png,0.294085,0.269976,0.999167,0.990587,1
1093,C_0512_D5.png,0.271985,0.291005,0.998358,0.976439,1
1094,C_0514_D3.png,0.339946,0.353077,0.000000,0.000186,0
1095,C_0514_D4.png,0.272523,0.254630,0.998710,1.000000,1
1096,C_0514_D5.png,0.244534,0.249571,0.992105,1.000000,1
1097,C_0516_D5.png,0.254957,0.241166,0.995570,1.000000,1
1098,C_0517_D3.png,0.293629,0.256894,0.557374,0.847689,1
1099,C_0517_D4.png,0.257527,0.229293,0.998547,1.000000,1
1100,C_0517_D5.png,0.265893,0.277778,0.993514,1.000000,1
1101,C_0518_D3.png,0.320761,0.300377,0.314770,0.000045,0
1102,C_0518_D4.png,0.334559,0.339932,0.344993,0.000000,0
1103,C_0518_D5.png,0.350562,0.354167,0.256799,0.000000,0
1104,C_0519_D3.png,0.336509,0.360144,0.337830,0.000000,0
1105,C_0519_D4.png,0.291771,0.284231,0.993615,1.000000,1
1106,C_0519_D5.png,0.263946,0.266885,0.998844,1.000000,1
1107,C_0520_D3.png,0.313221,0.326667,0.644432,0.002512,0
1108,C_0520_D4.png,0.280194,0.263654,0.995225,0.991580,1
1109,C_0520_D5.png,0.278086,0.265050,0.119901,0.997176,1
1110,C_0521_D3.png,0.394066,0.406209,0.000000,0.000000,0
1111,C_0521_D4.png,0.350887,0.363673,0.000000,0.408559,0
1112,C_0521_D5.png,0.413610,0.427083,0.000000,0.000000,0
1113,C_0522_D3.png,0.308766,0.317610,0.462768,0.999849,1
1114,C_0522_D4.png,0.193027,0.186207,0.999018,1.000000,1
1115,C_0522_D5.png,0.244562,0.294643,0.996892,1.000000,1
1116,C_0523_D4.png,0.343169,0.365185,0.190987,0.000110,0
1117,C_0523_D5.png,0.200032,0.225000,0.998572,1.000000,1
1118,C_0524_D3.png,0.303243,0.360876,0.996150,0.281353,1
1119,C_0524_D4.png,0.295148,0.301190,0.498538,0.983033,1
1120,C_0525_D3.png,0.264344,0.231898,0.988892,1.000000,1
1121,C_0525_D4.png,0.259346,0.250000,0.996538,1.000000,1
1122,C_0526_D3.png,0.386372,0.404082,0.000000,0.000000,0
1123,C_0526_D4.png,0.374105,0.366366,0.000000,0.000000,0
1124,C_0526_D5.png,0.327347,0.333044,0.000000,0.810822,0
1125,C_0527_D3.png,0.213582,0.180952,0.999573,1.000000,1
1126,C_0528_D3.png,0.328390,0.333333,0.243519,0.000234,0
1127,C_0528_D4.png,0.319961,0.314405,0.369536,0.000000,0
1128,C_0529_D3.png,0.308274,0.314224,0.936333,0.967402,1
1129,C_0529_D4.png,0.293505,0.327393,0.911728,0.976773,1
1130,C_0529_D5.png,0.361934,0.384615,0.081199,0.000000,0
1131,C_0531_D3.png,0.372894,0.391923,0.000000,0.000000,0
1132,C_0531_D4.png,0.351600,0.342370,0.000000,0.000027,0
1133,C_0531_D5.png,0.327416,0.295523,0.000000,0.381589,0
1134,C_0532_D3.png,0.306013,0.317610,0.986271,0.992163,1
1135,C_0532_D4.png,0.302587,0.277458,0.675995,0.994209,1
1136,C_0532_D5.png,0.234402,0.223605,0.964505,1.000000,1
1137,C_0533_D3.png,0.375486,0.442101,0.000000,0.000000,0
1138,C_0533_D4.png,0.352851,0.372989,0.000000,0.000002,0
1139,C_0533_D5.png,0.394792,0.436508,0.000000,0.000000,0
1140,C_0534_D3.png,0.359819,0.355346,0.000000,0.000000,0
1141,C_0534_D4.png,0.348528,0.327381,0.000000,0.025375,0
1142,C_0534_D5.png,0.250038,0.250000,0.000004,0.999995,1
1143,C_0536_D3.png,0.324347,0.318966,0.139222,0.306407,0
1144,C_0536_D4.png,0.281552,0.249935,0.999559,0.999999,1
1145,C_0536_D5.png,0.366901,0.369396,0.000000,0.000000,0
1146,C_0537_D3.png,0.318987,0.323657,0.003322,0.581601,0
1147,C_0537_D4.png,0.307533,0.321092,0.627428,0.839087,1
1148,C_0537_D5.png,0.304522,0.307692,0.746214,0.955810,1
1149,C_0538_D3.png,0.283632,0.245274,0.996420,0.999872,1
1150,C_0538_D4.png,0.348881,0.313257,0.000000,0.000000,0
1151,C_0539_D3.png,0.386663,0.422619,0.000000,0.000000,0
1152,C_0539_D4.png,0.320016,0.324351,0.933984,0.972392,0
1153,C_0539_D5.png,0.282797,0.315271,0.000000,0.985099,1
1154,C_0540_D3.png,0.294132,0.268519,0.986990,0.977072,1
1155,C_0540_D4.png,0.306530,0.280224,0.777235,0.946355,1
1156,C_0541_D4.png,0.355581,0.382353,0.000000,0.000000,0
1157,C_0541_D5.png,0.279907,0.309924,0.989994,0.998150,1
1158,C_0542_D3.png,0.442725,0.500000,0.000000,0.000000,0
1159,C_0542_D5.png,0.343078,0.386119,0.255457,0.000000,0
1160,C_0543_D3.png,0.280391,0.301963,0.999651,1.000000,1
1161,C_0543_D4.png,0.254706,0.244048,0.999934,1.000000,1
1162,C_0543_D5.png,0.189368,0.162745,0.998822,1.000000,1
1163,C_0545_D3.png,0.285936,0.275944,0.897850,0.945830,1
1164,C_0545_D4.png,0.256630,0.245690,0.985440,0.999999,1
1165,C_0545_D5.png,0.220188,0.206557,0.990016,1.000000,1
1166,C_0546_D4.png,0.291133,0.314224,0.947771,0.995427,1
1167,C_0546_D5.png,0.258740,0.285559,0.000000,0.997724,1
1168,C_0548_D3.png,0.350682,0.318182,0.000000,0.279278,0
1169,C_0548_D4.png,0.340967,0.327273,0.000000,0.937183,0
1170,C_0548_D5.png,0.307571,0.333333,0.000000,0.926283,1
1171,C_0549_D3.png,0.256968,0.298848,0.997315,1.000000,1
1172,C_0549_D4.png,0.342047,0.348653,0.000000,0.000103,0
1173,C_0549_D5.png,0.325483,0.349003,0.000000,0.030215,0
1174,C_0550_D3.png,0.280953,0.281250,0.999238,1.000000,1
1175,C_0550_D4.png,0.259692,0.282077,0.997433,1.000000,1
1176,C_0550_D5.png,0.156315,0,0.997953,1.000000,1
1177,C_0551_D3.png,0.257959,0.263558,0.976681,1.000000,1
1178,C_0551_D5.png,0.212840,0.265993,0.992568,1.000000,1
1179,C_0552_D3.png,0.302037,0.301411,0.643390,0.976553,1
1180,C_0552_D5.png,0.408550,0.420629,0.000000,0.000000,0
1181,C_0555_D5.png,0.390219,0.420685,0.000000,0.000000,0
1182,C_0556_D3.png,0.312171,0.357550,0.047688,0.000000,0
1183,C_0556_D4.png,0.270568,0.256422,0.960294,0.975775,1
1184,C_0557_D3.png,0.387751,0.442308,0.000000,0.000000,0
1185,C_0557_D4.png,0.441601,0.490566,0.000000,0.000000,0
1186,C_0557_D5.png,0.535306,0.560224,0.000000,0.000000,0
1187,C_0559_D3.png,0.253799,0.226241,0.995525,1.000000,1
1188,C_0559_D5.png,0.247780,0.248087,0.995933,1.000000,1
1189,C_0560_D4.png,0.306548,0.318452,0.883837,0.999998,1
1190,C_0560_D5.png,0.153294,0.190524,0.999829,1.000000,1
1191,C_0561_D3.png,0.399590,0.413043,0.000001,0.000000,0
1192,C_0561_D4.png,0.400867,0.421823,0.000000,0.000000,0
1193,C_0562_D3.png,0.227719,0.200000,0.998325,1.000000,1
1194,C_0562_D4.png,0.240168,0.239617,0.999764,1.000000,1
1195,C_0562_D5.png,0.229760,0.246264,0.999109,1.000000,1
1196,C_0563_D3.png,0.300001,0.338983,0.782080,0.882408,1
1197,C_0563_D5.png,0.211030,0.208560,0.998248,1.000000,1
1198,C_0564_D3.png,0.245777,0.239754,0.997983,1.000000,1
1199,C_0564_D4.png,0.267451,0.269661,0.997895,1.000000,1
1200,C_0564_D5.png,0.309361,0.323657,0.000000,0.877103,1
1201,C_0565_D3.png,0.258931,0.247642,0.999806,1.000000,1
1202,C_0565_D4.png,0.238888,0.224319,0.999878,1.000000,1
1203,C_0565_D5.png,0.191338,0.219688,0.994932,1.000000,1
1204,C_0567_D3.png,0.309691,0.256736,0.886293,0.525141,1
1205,C_0567_D4.png,0.257870,0.188525,0.976870,0.980149,1
1206,C_0567_D5.png,0.349543,0.284512,0.985085,0.000001,0
1207,C_0568_D3.png,0.313670,0.291101,0.887378,0.000015,0
1208,C_0568_D4.png,0.303237,0.285740,0.997333,0.999999,1
1209,C_0568_D5.png,0.362863,0.356471,0.000000,0.003689,0
1210,C_0569_D3.png,0.279172,0.266691,0.963351,0.999972,1
1211,C_0569_D4.png,0.274209,0.269231,0.996901,1.000000,1
1212,C_0569_D5.png,0.189959,0.187063,0.994749,1.000000,1
1213,C_0570_D3.png,0.211253,0.190485,0.999401,1.000000,1
1214,C_0570_D4.png,0.239221,0.240264,0.999363,1.000000,1
1215,C_0571_D4.png,0.220220,0.214754,0.999751,1.000000,1
1216,C_0571_D5.png,0.191987,0.201852,0.997385,1.000000,1
1217,C_0572_D3.png,0.252839,0.221311,0.998573,1.000000,1
1218,C_0572_D4.png,0.221102,0.207885,0.999134,1.000000,1
1219,C_0572_D5.png,0.248185,0.265351,0.994287,1.000000,1
1220,C_0573_D4.png,0.361555,0.403846,0.115422,0.000000,0
1221,C_0573_D5.png,0.417315,0.443240,0.000000,0.000000,0
1222,C_0575_D3.png,0.276542,0.318809,0.976628,0.999998,1
1223,C_0575_D4.png,0.165237,0.178365,0.999913,1.000000,1
